Workbook

Sheet MAKLUMAT PELAJAR & PROJEK
A11: 1. MAKLUMAT PELAJAR & PROJEK
A13: BIL | B13: NAMA PELAJAR | I13: NO MATRIK | L13: TAJUK PROJEK | R13: KATEGORI
A14: 1
A15: 2
A16: 3
A21: JUMLAH MARKAH
F25: BIL | G25: ITEM | J25: MARKAH
F27: 2 | G27: TECHNICAL PAPER | J27: ='TECHNICAL REPORT (15%)'!T22 -> 0
F29: 3 | G29: PROJECT INNOVATION | J29: ='PROJECT INNOVATION (10%)'!T18 -> 0
F31: 3 | G31: PROJECT DEMONSTRATION | J31: PELAJAR 1 | K31: PELAJAR 2 | L31: PELAJAR 3
J32: ='PROJECT DEMONSTRATION (10%)'!U19 -> 0 | K32: ='PROJECT DEMONSTRATION (10%)'!V19 -> 0 | L32: ='PROJECT DEMONSTRATION (10%)'!W19 -> 0
F33: JUMLAH KESELURUHAN (35%) | J33: PELAJAR 1 | K33: PELAJAR 2 | L33: PELAJAR 3
J34: =J27+J29+J32 -> 0 | K34: =J27+J29+K32 -> 0 | L34: =J27+J29+L32 -> 0

Sheet TECHNICAL REPORT (15%)
B2: 1. TECHNICAL REPORT (15%)
B6: DOMAIN COGNITIF | C6: KRITERIA | F6: TAHAP PENILAIAN | P6: PEMBERAT | R6: SKOR | T6: PEMBERAT x SKALA
F7: 1- TIDAK MEMUASKAN | H7: 2- KURANG MEMUASKAN | J7: 3. SEDERHANA | L7: 4-MEMUASKAN | N7: 5-SANGAT MEMUASKAN
B8: C3 GUNA | C8: PLAGIAT Melaporkan kadar plagiat di dalam penulisan | F8: Plagiat > 60% atau AI generated content > 60% | H8: Plagiat diantara 50-60% dan AI generated content 50-60% | J8: Plagiat diantara 30-49% dan AI generated content 30-49% | L8: Plagiat diantara 10- 29% dan AI generated content 10- 29% | N8: Plagiat < 10% dan AI generated content < 10% | P8: 0.5 | T8: =P8*R8 -> 0
B10: C3 GUNA | C10: ABSTRAK Menjelaskan gambaran keseluruhan projek | F10: Penerangan tidak jelas dan tidak lengkap. | H10: Penerangan kurang jelas dan terdapat kesilapan. | J10: Penerangan jelas tetapi tidak menggambarkan maklumat utama. | L10: Penerangan memuaskan tetapi tidak menggambarkan maklumat utama. | N10: Penerangan tepat dan lengkap. | P10: 0.5 | T10: =P10*R10 -> 0
B12: C1 INGAT | C12: PENGENALAN Menjelaskan latarbelakang projek, pernyataan masalah jelas | F12: Maklumat tidak jelas dan mengelirukan / tiada sumber rujukan | H12: Penjelasan ringkas dan menggunakan sumber outdated / tidak relevan / tidak sahih. | J12: Penjelasan memuaskan dan menggunakan sumber terkini / relevan / sahih. | L12: Penjelasan memuaskan dan menggunakan sumber terkini , relevan dan sahih. | N12: Penjelasan tepat, menarik, lengkap dan menggunakan sumber terkini, relevan dan sahih. | P12: 0.5 | T12: =P12*R12 -> 0
B14: C1 INGAT | C14: METODOLOGI Menjelaskan konsep rekabentuk dan prosedur pembangunan projek. | F14: Penerangan tidak melibatkan konsep / prosedur terlibat dalam pembangunan projek. | H14: Penerangan konsep / prosedur tidak jelas / sangat ringkas / tidak berkait antara fasa. | J14: Penerangan konsep / prosedur kurang jelas, agak ringkas tetapi berkait antara fasa. | L14: Penerangan konsep / prosedur jelas, agak lengkap dan berkait antara fasa. | N14: Penerangan konsep dan prosedur tepat, menyeluruh dan berkait antara fasa. | P14: 0.5 | T14: =P14*R14 -> 0
B16: C2 FAHAM | C16: KEPUTUSAN & PERBINCANGAN Membincangkan hasil dapatan menggunakan analisa yang sesuai. | F16: Analisa hasil dapatan silap / tiada perbincangan. | H16: Analisa hasil dapatan ringkas dan perbincangan terlalu ringkas. | J16: Analisa hasil dapatan / perbincangan maklumbalas tidak lengkap. | L16: Analisa hasil dapatan dan perbincangan maklumbalas memuaskan. | N16: Analisa hasil dapatan terperinci dan perbincangan maklumbalas dengan teliti. | P16: 0.6 | T16: =P16*R16 -> 0
B18: C2 FAHAM | C18: KESIMPULAN Melaporkan ringkasan kandungan berkaitan objektif laporan. | F18: Kesimpulan berulang / tidak jelas / tidak berkait dengan objektif laporan. | H18: Kesimpulan terlalu ringkas, tetapi tepat dan merujuk objektif laporan. | J18: Kesimpulan lemah dan kurang tepat. | L18: Kesimpulan memuaskan dan merujuk objektif laporan. | N18: Kesimpulan tepat, padat dan merujuk objektif laporan. | P18: 0.2 | T18: =P18*R18 -> 0
B20: C3 GUNA | C20: RUJUKAN Mengunakan sumber rujukan yang mencukupi. | F20: Sitasi < 6 | H20: Sitasi hanya 6 | J20: Sitasi > 6, tidak terkini atau kurang sahih | L20: Sitasi ≤ 6, sahih dan terkini | N20: Sitasi > 6, sahih dan terkini | P20: 0.2 | T20: =P20*R20 -> 0
B22: JUMLAH MARKAH KESELURUHAN (15%) | T22: =SUM(T8:U21) -> 0

Sheet PROJECT INNOVATION (10%)
B2: 2. PROJECT INNOVATION (10%)
B6: DOMAIN AFEKTIF | C6: KRITERIA | F6: TAHAP PENILAIAN | P6: PEMBERAT | R6: SKOR | T6: PEMBERAT x SKALA
F7: 1- TIDAK MEMUASKAN | H7: 2- KURANG MEMUASKAN | J7: 3. SEDERHANA | L7: 4-MEMUASKAN | N7: 5-SANGAT MEMUASKAN
B8: P1 IKUT | C8: REKABENTUK Mematuhi rekabentuk seragam dan mesra pengguna | F8: Mengelirukan dan tidak konsisten | H8: Mengelirukan dan kurang konsisten | J8: Mengelirukan, agak konsisten | L8: Agak mudah difahami, konsisten | N8: Sangat mudah difahami, konsisten | P8: 0.3 | T8: =P8*R8 -> 0
B10: P2 GUNA | C10: TEKNOLOGI Menggunakan teknologi dan peralatan bersesuaian | F10: Hand coded dan localhost / public tunnel / emulator | H10: Hand coded / templat / design tools dan localhost / public tunnel / emulator | J10: Basic hand coded dan free hosting /app marketplace | L10: Hand coded terperinci / templat / design tools dan free hosting /app marketplace | N10: Hand coded / templat / design tools dan framework, di free hosting /app marketplace | P10: 0.5 | T10: =P10*R10 -> 0
B12: P3 KETEPATAN | C12: INOVASI Menunjukkan inovasi asli, kreatif untuk komuniti / masyarakat / industri | F12: Idea tidak asli, tidak kreatif untuk komuniti / masyarakat / industri. | H12: Idea tidak asli, kurang kreatif untuk komuniti / masyarakat / industri | J12: Idea asli, kreatif dan kurang membantu komuniti / masyarakat / industri (kegunaan individu) | L12: Idea asli, kreatif dan membantu komuniti / masyarakat / industri | N12: Idea asli, amat kreatif dan membantu komuniti / masyarakat / industri | P12: 0.4 | T12: =P12*R12 -> 0
B14: P4 ARTIKULASI | C14: FUNGSI Membangunkan projek yang efisyen. | F14: Tidak beroperasi langsung / projek tidak siap sepenuhnya / tiada pemahaman business process. | H14: Beroperasi separa dengan ralat major, mengekalkan business process sedia ada sebagai langkah automasi | J14: Beroperasi berasingan modul, mengekalkan business process sedia ada sebagai automasi | L14: Beroperasi sepenuhnya sebagai satu sistem dengan ralat minor, business process perlu penambahbaikan | N14: Beroperasi sepenuhnya sebagai satu sistem, business process ditambahbaik secara efisyen. | P14: 0.5 | T14: =P14*R14 -> 0
B16: P4 ARTIKULASI | C16: KEBOLEHPASARAN Menghasilkan projek bernilai tinggi dengan kerjasama komuniti / industri | F16: Tiada nilai komersial | H16: Kurang nilai komersial | J16: Ada nilai komersial | L16: Nilai komersial tinggi, tetapi tiada kerjasama komuniti / industri | N16: Nilai komersial tinggi dan hasil kerjasama komuniti / industri | P16: 0.3 | T16: =R16*P16 -> 0
B18: JUMLAH MARKAH KESELURUHAN (10%) | T18: =SUM(T8:U17) -> 0

Sheet PROJECT DEMONSTRATION (10%)
B2: 3. PROJECT DEMONSTRATION (10%)
B6: DOMAIN AFEKTIF | C6: KRITERIA | F6: TAHAP PENILAIAN | P6: PEMBERAT | R6: SKOR | U6: PEMBERAT x SKALA
F7: 1- TIDAK MEMUASKAN | H7: 2- KURANG MEMUASKAN | J7: 3. SEDERHANA | L7: 4-MEMUASKAN | N7: 5-SANGAT MEMUASKAN
B8: A1 MENERIMA | C8: VIDEO Menunjukkan sumbangan dan nilai projek | F8: Tidak kreatif & tidak lengkap | H8: Tidak kreatif & tidak menggambarkan maklumat utama | J8: Kreatif tetapi kurang menggambarkan maklumat utama | L8: Kreatif, lengkap & memuaskan | N8: Kreatif, lengkap & menarik | P8: 0.5 | U8: =P8*R8 -> 0
B10: A2 RESPON | C10: BOOTH PAMERAN Kesediaan menerima cadangan panel ke dalam projek | F10: Tiada selamat / tidak tersusun | H10: Neutral, tidak tersusun | J10: Sopan, kurang tersusun | L10: Ramah dan tersusun | N10: Sangat menarik, ramah & tersusun | P10: 0.3 | U10: =P10*R10 -> 0
B12: A2 RESPON | C12: POSTER Menyediakan kandungan dengan lengkap | F12: Penyediaan tidak selesai | H12: Tidak lengkap dan mengelirukan | J12: Kurang lengkap, sukar difahami | L12: Lengkap & memuaskan | N12: Lengkap, mudah difahami dan menarik | P12: 0.5 | U12: =P12*R12 -> 0
B14: A3 MENILAI | C14: SOAL JAWAB Mempamerkan kefahaman yang tinggi terhadap projek | F14: Tidak berupaya menjawab semua soalan / tidak berusaha langsung untuk menjawab soalan | H14: Jawapan menunjukkan kurang kefahaman terhadap projek | J14: Menjawab beberapa soalan dengan betul | L14: Menjawab kebanyakan soalan dengan tepat dan yakin | N14: Menjawab semua soalan dengan tepat dan yakin | P14: 0.4 | R14: Pelajar 1 | S14: Pelajar 2 | T14: Pelajar 3 | U14: Pelajar 1 | V14: Pelajar 2 | W14: Pelajar 3
U15: =P14*R15 -> 0 | V15: =P14*S15 -> 0 | W15: =P14*T15 -> 0
B16: A3 MENILAI | C16: KOMUNIKASI Mempamerkan maklumbalas / pendapat | F16: Tidak sopan dan menolak pendapat | H16: Kurang sopan dan kurang menerima pendapat | J16: Sopan, tetapi maklumbalas ringkas / tiada pendapat | L16: Sopan dan menerima pendapat | N16: Sopan, menerima pendapat dan memberi cadangan / penambahbaikan | P16: 0.3 | R16: Pelajar 1 | S16: Pelajar 2 | T16: Pelajar 3 | U16: Pelajar 1 | V16: Pelajar 2 | W16: Pelajar 3
U17: =P16*R17 -> 0 | V17: =P16*S17 -> 0 | W17: =P16*T17 -> 0
B18: JUMLAH MARKAH KESELURUHAN (10%) | U18: Pelajar 1 | V18: Pelajar 2 | W18: Pelajar 3
U19: =U8+U10+U12+U15+U17 -> 0 | V19: =U8+U10+U12+V15+V17 -> 0 | W19: =U8+U10+U12+W15+W17 -> 0
